[
  {
    "id": "b492fdb9-d28a-4366-aa9e-4aa72ff48ae3",
    "data": [
      {
        "text": "I ",
        "userDefined": false
      },
      {
        "text": "don\u0027t want to live",
        "meta": "@suicidal-intent",
        "alias": "suicidal-intent",
        "userDefined": true
      }
    ],
    "isTemplate": false,
    "count": 0,
    "lang": "en",
    "updated": 0
  },
  {
    "id": "35bb996d-e0a3-4537-b2d1-f60b9ca85a24",
    "data": [
      {
        "text": "Life is very hard to live",
        "userDefined": false
      }
    ],
    "isTemplate": false,
    "count": 0,
    "lang": "en",
    "updated": 0
  },
  {
    "id": "2020c9f9-867a-44d7-a6b8-0d653e8de6ea",
    "data": [
      {
        "text": "I want to commit ",
        "userDefined": false
      },
      {
        "text": "suicide",
        "meta": "@suicidal-intent",
        "alias": "suicidal-intent",
        "userDefined": true
      }
    ],
    "isTemplate": false,
    "count": 0,
    "lang": "en",
    "updated": 0
  },
  {
    "id": "5239f6cd-101d-4dd2-9dd2-20d696a70135",
    "data": [
      {
        "text": "i want to ",
        "userDefined": false
      },
      {
        "text": "kill",
        "meta": "@suicidal-intent",
        "alias": "suicidal-intent",
        "userDefined": true
      },
      {
        "text": " myself",
        "userDefined": false
      }
    ],
    "isTemplate": false,
    "count": 0,
    "lang": "en",
    "updated": 0
  },
  {
    "id": "6f642623-8718-4b86-af94-09fbf978bf07",
    "data": [
      {
        "text": "i ",
        "userDefined": false
      },
      {
        "text": "dont feel like living",
        "meta": "@suicidal-intent",
        "alias": "suicidal-intent",
        "userDefined": true
      }
    ],
    "isTemplate": false,
    "count": 0,
    "lang": "en",
    "updated": 0
  },
  {
    "id": "1f7e9c83-2fd4-458d-b2e8-baebc1aa4ea4",
    "data": [
      {
        "text": "a",
        "meta": "@sys.any",
        "alias": "any",
        "userDefined": true
      }
    ],
    "isTemplate": false,
    "count": 0,
    "lang": "en",
    "updated": 0
  },
  {
    "id": "c6306cc2-b48d-4f12-97b6-9ee79cf215ad",
    "data": [
      {
        "text": "I failed my test today",
        "userDefined": false
      }
    ],
    "isTemplate": false,
    "count": 0,
    "lang": "en",
    "updated": 0
  },
  {
    "id": "13ff7c1e-3935-46b9-b588-b62ae2d34bdb",
    "data": [
      {
        "text": "Okay. ",
        "userDefined": false
      },
      {
        "text": "a",
        "meta": "@sys.any",
        "alias": "any",
        "userDefined": true
      }
    ],
    "isTemplate": false,
    "count": 0,
    "lang": "en",
    "updated": 0
  },
  {
    "id": "cf4a702a-20f4-476b-b928-b01291743752",
    "data": [
      {
        "text": "ok, sure. ",
        "userDefined": false
      },
      {
        "text": "a",
        "meta": "@sys.any",
        "alias": "any",
        "userDefined": true
      }
    ],
    "isTemplate": false,
    "count": 0,
    "lang": "en",
    "updated": 0
  }
]