[
  {
    "id": "523b6755-a147-4c83-8fd6-50bf1fd86c35",
    "data": [
      {
        "text": "i am not losing weight",
        "userDefined": false
      }
    ],
    "isTemplate": false,
    "count": 0,
    "lang": "en",
    "updated": 0
  },
  {
    "id": "6ce088bb-6058-46a1-b687-4b828b78556f",
    "data": [
      {
        "text": "my body weight is fine",
        "userDefined": false
      }
    ],
    "isTemplate": false,
    "count": 0,
    "lang": "en",
    "updated": 0
  },
  {
    "id": "8195b6c4-6103-47fe-8333-b680cdbcdea4",
    "data": [
      {
        "text": "i did not lose weight",
        "userDefined": false
      }
    ],
    "isTemplate": false,
    "count": 0,
    "lang": "en",
    "updated": 0
  },
  {
    "id": "ef6c996b-6d01-4d1b-a28d-382ab2f01253",
    "data": [
      {
        "text": "okay",
        "userDefined": false
      }
    ],
    "isTemplate": false,
    "count": 0,
    "lang": "en",
    "updated": 0
  },
  {
    "id": "598c9990-092a-4e97-a0d1-e2807422b187",
    "data": [
      {
        "text": "ok,",
        "meta": "@positiveBoolean",
        "alias": "positiveBoolean",
        "userDefined": false
      },
      {
        "text": " I have good appetite",
        "userDefined": false
      }
    ],
    "isTemplate": false,
    "count": 0,
    "lang": "en",
    "updated": 0
  },
  {
    "id": "626bd7fb-298e-4d75-80b0-bbe060395b71",
    "data": [
      {
        "text": "sure",
        "meta": "@positiveBoolean",
        "alias": "positiveBoolean",
        "userDefined": false
      }
    ],
    "isTemplate": false,
    "count": 0,
    "lang": "en",
    "updated": 0
  },
  {
    "id": "0cba2c8b-d098-4045-9584-4288d6818933",
    "data": [
      {
        "text": "yes,",
        "meta": "@positiveBoolean",
        "alias": "positiveBoolean",
        "userDefined": false
      },
      {
        "text": " my appetite is good",
        "userDefined": false
      }
    ],
    "isTemplate": false,
    "count": 0,
    "lang": "en",
    "updated": 0
  }
]