[
  {
    "id": "ca474805-9ebc-4088-bb58-e2107623a4c0",
    "data": [
      {
        "text": "Good morning",
        "userDefined": false
      }
    ],
    "isTemplate": false,
    "count": 0,
    "lang": "en",
    "updated": 0
  },
  {
    "id": "a7653ab0-d712-4516-a304-3742efc6feec",
    "data": [
      {
        "text": "Hi Achelois",
        "userDefined": false
      }
    ],
    "isTemplate": false,
    "count": 0,
    "lang": "en",
    "updated": 0
  },
  {
    "id": "d58ac654-2d09-47e4-b169-dcbd2dce7700",
    "data": [
      {
        "text": "Hi there",
        "userDefined": false
      }
    ],
    "isTemplate": false,
    "count": 2,
    "lang": "en",
    "updated": 0
  },
  {
    "id": "364640e4-f3d1-42a3-a355-ebbe9b28f6d9",
    "data": [
      {
        "text": "Hi",
        "userDefined": false
      }
    ],
    "isTemplate": false,
    "count": 13,
    "lang": "en",
    "updated": 0
  },
  {
    "id": "04fa0e3f-ea40-4745-a8aa-e91ef3b0d870",
    "data": [
      {
        "text": "#hi.",
        "userDefined": false
      }
    ],
    "isTemplate": false,
    "count": 0,
    "lang": "en",
    "updated": 0
  },
  {
    "id": "1de49d8a-e7f5-4b75-8069-2794fe375cab",
    "data": [
      {
        "text": "Hello",
        "userDefined": false
      }
    ],
    "isTemplate": false,
    "count": 0,
    "lang": "en",
    "updated": 0
  },
  {
    "id": "b6451340-98ca-49f2-915f-503405ec5e00",
    "data": [
      {
        "text": "Hello there",
        "userDefined": false
      }
    ],
    "isTemplate": false,
    "count": 0,
    "lang": "en",
    "updated": 0
  },
  {
    "id": "c2e1d7c8-648e-4287-8589-7a30a5f1b705",
    "data": [
      {
        "text": "Hi ther",
        "userDefined": false
      }
    ],
    "isTemplate": false,
    "count": 0,
    "lang": "en",
    "updated": 0
  },
  {
    "id": "cd42995b-b090-4029-8e19-e2013f708f41",
    "data": [
      {
        "text": "Hey",
        "userDefined": false
      }
    ],
    "isTemplate": false,
    "count": 0,
    "lang": "en",
    "updated": 0
  },
  {
    "id": "8004fdcd-a183-4442-af0e-bd613eeec0de",
    "data": [
      {
        "text": "yo",
        "userDefined": false
      }
    ],
    "isTemplate": false,
    "count": 1,
    "lang": "en",
    "updated": 0
  },
  {
    "id": "6c356b78-6303-4f2f-ac87-bc8531eb039a",
    "data": [
      {
        "text": "Good",
        "userDefined": false
      },
      {
        "text": " afternoon",
        "userDefined": false
      }
    ],
    "isTemplate": false,
    "count": 0,
    "lang": "en",
    "updated": 0
  },
  {
    "id": "e9423d82-5a3d-4630-99a8-e769b03b60e4",
    "data": [
      {
        "text": "Good evening",
        "userDefined": false
      }
    ],
    "isTemplate": false,
    "count": 0,
    "lang": "en",
    "updated": 0
  }
]